<?xml version="1.0" encoding="UTF-8"?>
<CustomField xmlns="http://soap.sforce.com/2006/04/metadata">
    <fullName>Order__c</fullName>
    <externalId>false</externalId>
    <label>Order</label>
    <referenceTo>Order__c</referenceTo>
    <relationshipLabel>Order Line Items</relationshipLabel>
    <relationshipName>Order_Line_Items</relationshipName>
    <relationshipOrder>0</relationshipOrder>
    <reparentableMasterDetail>false</reparentableMasterDetail>
    <trackHistory>false</trackHistory>
    <trackTrending>false</trackTrending>
    <type>MasterDetail</type>
    <writeRequiresMasterRead>false</writeRequiresMasterRead>
</CustomField>
