<?xml version="1.0" encoding="UTF-8"?>
<CustomField xmlns="http://soap.sforce.com/2006/04/metadata">
    <fullName>Size__c</fullName>
    <externalId>false</externalId>
    <label>Size</label>
    <required>false</required>
    <trackHistory>false</trackHistory>
    <trackTrending>false</trackTrending>
    <type>Picklist</type>
    <valueSet>
        <restricted>true</restricted>
        <valueSetDefinition>
            <sorted>false</sorted>
            <value>
                <fullName>7</fullName>
                <default>false</default>
                <label>7</label>
            </value>
            <value>
                <fullName>8</fullName>
                <default>false</default>
                <label>8</label>
            </value>
            <value>
                <fullName>9</fullName>
                <default>false</default>
                <label>9</label>
            </value>
            <value>
                <fullName>10</fullName>
                <default>false</default>
                <label>10</label>
            </value>
            <value>
                <fullName>11</fullName>
                <default>false</default>
                <label>11</label>
            </value>
        </valueSetDefinition>
    </valueSet>
</CustomField>
